Kp,Ki,Kd,Cost
2.0000,0.5000,0.2221,1000005.4588
2.0000,0.5000,0.1514,1000005.4614
2.0000,0.5000,0.5050,1000005.4617
2.0000,0.5000,0.2929,1000005.4626
2.0000,0.5000,0.7171,1000005.4630
2.0000,0.5000,0.9293,1000005.4639
2.0000,0.3750,0.3636,1000005.4643
2.0000,0.3750,0.5757,1000005.4665
2.0000,0.3750,0.7879,1000005.4676
2.0000,0.3750,1.0000,1000005.4682
2.0000,0.2500,0.4343,1000005.4691
2.0000,0.2500,0.6464,1000005.4706
2.0000,0.1250,0.2221,1000005.4711
2.0000,0.1250,0.1514,1000005.4717
2.0000,0.2500,0.8586,1000005.4722
2.0000,0.1250,0.2929,1000005.4726
2.0000,0.1250,0.5050,1000005.4739
2.0000,0.1250,0.7171,1000005.4753
2.0000,0.5000,0.3636,1000005.4753
2.0000,0.0000,0.3636,1000005.4763
2.0000,0.1250,0.9293,1000005.4765
2.0000,0.5000,0.5757,1000005.4775
2.0000,0.5000,0.7879,1000005.4785
2.0000,0.0000,0.5757,1000005.4786
2.0000,0.5000,1.0000,1000005.4790
2.0000,0.0000,0.7879,1000005.4799
2.0000,0.3750,0.4343,1000005.4801
2.0000,0.0000,1.0000,1000005.4807
2.0000,0.3750,0.6464,1000005.4816
2.0000,0.2500,0.2221,1000005.4821
2.0000,0.3750,0.8586,1000005.4831
2.0000,0.2500,0.1514,1000005.4834
2.0000,0.2500,0.2929,1000005.4844
2.0000,0.2500,0.5050,1000005.4849
2.0000,0.2500,0.7171,1000005.4863
2.0000,0.2500,0.9293,1000005.4874
2.0000,0.1250,0.3636,1000005.4874
2.0000,0.5000,0.0807,1000005.4895
2.0000,0.1250,0.5757,1000005.4897
2.0000,0.1250,0.7879,1000005.4909
2.0000,0.5000,0.4343,1000005.4912
2.0000,0.1250,1.0000,1000005.4917
2.0000,0.0000,0.4343,1000005.4922
2.0000,0.5000,0.6464,1000005.4926
2.0000,0.3750,0.2221,1000005.4931
2.0000,0.0000,0.6464,1000005.4939
2.0000,0.5000,0.8586,1000005.4940
2.0000,0.3750,0.1514,1000005.4951
2.0000,0.0000,0.8586,1000005.4955
2.0000,0.3750,0.5050,1000005.4960
2.0000,0.3750,0.2929,1000005.4961
2.0000,0.3750,0.7171,1000005.4973
2.0000,0.3750,0.9293,1000005.4983
2.0000,0.2500,0.3636,1000005.4985
2.0000,0.2500,0.0807,1000005.5002
2.0000,0.2500,0.5757,1000005.5007
2.0000,0.2500,0.7879,1000005.5019
2.0000,0.2500,1.0000,1000005.5026
2.0000,0.1250,0.4343,1000005.5033
2.0000,0.1250,0.6464,1000005.5049
2.0000,0.0000,0.1514,1000005.5053
2.0000,0.0000,0.2221,1000005.5053
2.0000,0.0000,0.2929,1000005.5061
2.0000,0.1250,0.8586,1000005.5065
2.0000,0.0000,0.5050,1000005.5081
2.0000,0.0000,0.7171,1000005.5096
2.0000,0.0000,0.0807,1000005.5106
2.0000,0.0000,0.9293,1000005.5108
2.0000,0.3750,0.0807,1000005.5175
2.0000,0.1250,0.0807,1000005.5280
1.8579,0.5000,1.0000,1000005.5293
2.0000,0.5000,0.0100,1000005.5383
1.8579,0.5000,0.8586,1000005.5402
1.8579,0.5000,0.5050,1000005.5425
1.8579,0.3750,0.9293,1000005.5427
1.8579,0.2500,1.0000,1000005.5453
1.8579,0.3750,0.5757,1000005.5456
1.8579,0.2500,0.6464,1000005.5480
2.0000,0.2500,0.0100,1000005.5493
1.8579,0.5000,0.7171,1000005.5501
1.8579,0.2500,0.2929,1000005.5508
1.8579,0.1250,0.7171,1000005.5509
1.8579,0.5000,0.3636,1000005.5516
1.8579,0.3750,0.2221,1000005.5519
1.8579,0.3750,0.7879,1000005.5531
1.8579,0.0000,0.7879,1000005.5538
1.8579,0.3750,0.1514,1000005.5543
1.8579,0.3750,0.4343,1000005.5547
1.8579,0.2500,0.8586,1000005.5560
1.8579,0.5000,0.9293,1000005.5574
1.8579,0.2500,0.5050,1000005.5578
1.8579,0.1250,0.9293,1000005.5586
1.8579,0.3750,1.0000,1000005.5599
2.0000,0.0000,0.0100,1000005.5601
1.8579,0.5000,0.5757,1000005.5605
1.8579,0.1250,0.5757,1000005.5608
1.8579,0.0000,1.0000,1000005.5611
1.8579,0.3750,0.6464,1000005.5629
1.8579,0.0000,0.6464,1000005.5633
1.8579,0.0000,0.2929,1000005.5640
1.8579,0.2500,0.7171,1000005.5658
2.0000,0.3750,0.0100,1000005.5665
1.8579,0.3750,0.2929,1000005.5667
1.8579,0.1250,0.2221,1000005.5668
1.8579,0.2500,0.3636,1000005.5668
1.8579,0.5000,0.2221,1000005.5669
1.8579,0.1250,0.1514,1000005.5676
1.8579,0.5000,0.7879,1000005.5678
1.8579,0.1250,0.7879,1000005.5687
1.8579,0.5000,0.4343,1000005.5697
1.8579,0.1250,0.4343,1000005.5699
1.8579,0.5000,0.1514,1000005.5701
1.8579,0.3750,0.8586,1000005.5708
1.8579,0.0000,0.8586,1000005.5715
1.8579,0.3750,0.5050,1000005.5728
1.8579,0.0000,0.5050,1000005.5729
1.8579,0.2500,0.9293,1000005.5733
1.8579,0.1250,1.0000,1000005.5759
1.8579,0.2500,0.5757,1000005.5759
2.0000,0.1250,0.0100,1000005.5774
1.8579,0.5000,0.6464,1000005.5777
1.8579,0.1250,0.6464,1000005.5783
1.8579,0.1250,0.2929,1000005.5801
1.8579,0.3750,0.0807,1000005.5806
1.8579,0.3750,0.7171,1000005.5807
1.8579,0.0000,0.7171,1000005.5812
1.8579,0.0000,0.3636,1000005.5818
1.8579,0.3750,0.3636,1000005.5819
1.8579,0.2500,0.2221,1000005.5820
1.8579,0.5000,0.0100,1000005.5824
1.8579,0.5000,0.2929,1000005.5826
1.8579,0.2500,0.7879,1000005.5836
1.8579,0.2500,0.1514,1000005.5836
1.8579,0.2500,0.4343,1000005.5850
1.8579,0.1250,0.8586,1000005.5865
1.8579,0.1250,0.5050,1000005.5880
1.8579,0.1250,0.0807,1000005.5882
1.8579,0.0000,0.9293,1000005.5890
1.8579,0.0000,0.5757,1000005.5911
1.8579,0.2500,0.0100,1000005.5914
1.8579,0.0000,0.1514,1000005.5968
1.8579,0.0000,0.2221,1000005.5968
1.8579,0.1250,0.3636,1000005.5970
1.8579,0.5000,0.0807,1000005.5994
1.8579,0.0000,0.0100,1000005.5998
1.8579,0.0000,0.4343,1000005.6001
1.8579,0.2500,0.0807,1000005.6071
1.8579,0.3750,0.0100,1000005.6096
1.8579,0.0000,0.0807,1000005.6146
1.8579,0.1250,0.0100,1000005.6183
1.7157,0.5000,0.7879,1000005.6234
1.7157,0.5000,0.4343,1000005.6236
1.7157,0.5000,0.1514,1000005.6237
1.7157,0.3750,0.8586,1000005.6258
1.7157,0.3750,0.5050,1000005.6262
1.7157,0.2500,0.9293,1000005.6278
1.7157,0.2500,0.5757,1000005.6287
1.7157,0.1250,1.0000,1000005.6298
1.7157,0.5000,1.0000,1000005.6312
1.7157,0.5000,0.6464,1000005.6325
1.7157,0.2500,0.2221,1000005.6336
1.7157,0.3750,0.3636,1000005.6346
1.7157,0.3750,0.7171,1000005.6350
1.7157,0.2500,0.1514,1000005.6353
1.7157,0.5000,0.2929,1000005.6360
1.7157,0.2500,0.4343,1000005.6372
1.7157,0.2500,0.7879,1000005.6374
1.7157,0.1250,0.8586,1000005.6397
1.7157,0.1250,0.5050,1000005.6398
1.7157,0.5000,0.8586,1000005.6413
1.7157,0.0000,0.9293,1000005.6418
1.7157,0.5000,0.5050,1000005.6419
1.7157,0.0000,0.5757,1000005.6423
1.7157,0.3750,0.9293,1000005.6434
1.7157,0.3750,0.5757,1000005.6445
1.7157,0.2500,1.0000,1000005.6454
1.7157,0.2500,0.6464,1000005.6464
1.7157,0.0000,0.1514,1000005.6467
1.7157,0.0000,0.2221,1000005.6467
1.7157,0.2500,0.2929,1000005.6478
1.7157,0.5000,0.0807,1000005.6481
1.7157,0.1250,0.3636,1000005.6481
1.7157,0.1250,0.7171,1000005.6488
1.7157,0.3750,0.2221,1000005.6496
1.7157,0.5000,0.3636,1000005.6504
1.7157,0.0000,0.4343,1000005.6506
1.7157,0.5000,0.7171,1000005.6506
1.7157,0.0000,0.7879,1000005.6512
1.7157,0.3750,0.1514,1000005.6522
1.7157,0.3750,0.7879,1000005.6530
1.7157,0.3750,0.4343,1000005.6531
1.7157,0.2500,0.0807,1000005.6537
1.7157,0.5000,0.0100,1000005.6538
1.7157,0.2500,0.8586,1000005.6554
1.7157,0.2500,0.5050,1000005.6556
1.7157,0.1250,0.9293,1000005.6574
1.7157,0.1250,0.5757,1000005.6582
1.7157,0.0000,0.0807,1000005.6589
1.7157,0.5000,0.9293,1000005.6590
1.7157,0.0000,0.2929,1000005.6592
1.7157,0.0000,1.0000,1000005.6594
1.7157,0.2500,0.0100,1000005.6595
1.7157,0.0000,0.6464,1000005.6601
1.7157,0.5000,0.5757,1000005.6603
1.7157,0.3750,1.0000,1000005.6610
1.7157,0.3750,0.6464,1000005.6622
1.7157,0.1250,0.2221,1000005.6628
1.7157,0.1250,0.1514,1000005.6637
1.7157,0.2500,0.3636,1000005.6641
1.7157,0.2500,0.7171,1000005.6646
1.7157,0.3750,0.2929,1000005.6646
1.7157,0.5000,0.2221,1000005.6656
1.7157,0.1250,0.4343,1000005.6666
1.7157,0.1250,0.7879,1000005.6669
1.7157,0.0000,0.5050,1000005.6691
1.7157,0.0000,0.8586,1000005.6693
1.7157,0.3750,0.0807,1000005.6736
1.7157,0.1250,0.6464,1000005.6760
1.7157,0.1250,0.2929,1000005.6762
1.7157,0.0000,0.3636,1000005.6774
1.7157,0.0000,0.7171,1000005.6784
1.7157,0.1250,0.0807,1000005.6790
1.7157,0.3750,0.0100,1000005.6794
1.5736,0.5000,0.0807,1000005.6829
1.7157,0.1250,0.0100,1000005.6849
1.5736,0.5000,0.3636,1000005.6925
1.7157,0.0000,0.0100,1000005.6928
1.5736,0.3750,0.1514,1000005.6938
1.5736,0.5000,0.7171,1000005.6940
1.5736,0.3750,0.4343,1000005.6945
1.5736,0.3750,0.7879,1000005.6959
1.5736,0.5000,0.5757,1000005.7031
1.5736,0.5000,0.9293,1000005.7031
1.5736,0.1250,0.1514,1000005.7036
1.5736,0.1250,0.2221,1000005.7036
1.5736,0.2500,0.3636,1000005.7043
1.5736,0.3750,0.6464,1000005.7045
1.5736,0.3750,1.0000,1000005.7046
1.5736,0.3750,0.2929,1000005.7055
1.5736,0.2500,0.7171,1000005.7063
1.5736,0.1250,0.4343,1000005.7064
1.5736,0.3750,0.0807,1000005.7073
1.5736,0.5000,0.2221,1000005.7079
1.5736,0.1250,0.7879,1000005.7082
1.5736,0.0000,0.5050,1000005.7084
1.5736,0.0000,0.8586,1000005.7099
1.5736,0.5000,0.4343,1000005.7111
1.5736,0.5000,0.1514,1000005.7115
1.5736,0.5000,0.7879,1000005.7123
1.5736,0.3750,0.5050,1000005.7132
1.5736,0.2500,0.0807,1000005.7139
1.5736,0.3750,0.8586,1000005.7142
1.5736,0.2500,0.5757,1000005.7151
1.5736,0.1250,0.2929,1000005.7154
1.5736,0.2500,0.9293,1000005.7157
1.5736,0.0000,0.3636,1000005.7161
1.5736,0.1250,0.6464,1000005.7166
1.5736,0.1250,1.0000,1000005.7172
1.5736,0.0000,0.7171,1000005.7184
1.5736,0.5000,1.0000,1000005.7209
1.5736,0.5000,0.6464,1000005.7210
1.5736,0.3750,0.3636,1000005.7210
1.5736,0.2500,0.1514,1000005.7213
1.5736,0.2500,0.2221,1000005.7213
1.5736,0.3750,0.7171,1000005.7229
1.5736,0.2500,0.4343,1000005.7231
1.5736,0.5000,0.2929,1000005.7232
1.5736,0.2500,0.7879,1000005.7247
1.5736,0.1250,0.5050,1000005.7251
1.5736,0.1250,0.8586,1000005.7265
1.5736,0.0000,0.5757,1000005.7270
1.5736,0.0000,0.9293,1000005.7281
1.5736,0.5000,0.5050,1000005.7298
1.5736,0.5000,0.8586,1000005.7306
1.5736,0.0000,0.1514,1000005.7309
1.5736,0.0000,0.2221,1000005.7309
1.5736,0.3750,0.5757,1000005.7318
1.5736,0.3750,0.9293,1000005.7321
1.5736,0.1250,0.3636,1000005.7329
1.5736,0.2500,0.2929,1000005.7331
1.5736,0.2500,0.6464,1000005.7332
1.5736,0.2500,1.0000,1000005.7336
1.5736,0.1250,0.0807,1000005.7338
1.5736,0.0000,0.4343,1000005.7349
1.5736,0.1250,0.7171,1000005.7350
1.5736,0.3750,0.2221,1000005.7364
1.5736,0.0000,0.7879,1000005.7368
1.5736,0.2500,0.5050,1000005.7418
1.5736,0.0000,0.2929,1000005.7429
1.5736,0.2500,0.8586,1000005.7430
1.5736,0.1250,0.5757,1000005.7438
1.5736,0.1250,0.9293,1000005.7446
1.5736,0.0000,0.6464,1000005.7452
1.5736,0.0000,1.0000,1000005.7460
1.5736,0.0000,0.0807,1000005.7536
1.4314,0.5000,0.8586,1000005.7632
1.4314,0.3750,0.9293,1000005.7641
1.4314,0.2500,1.0000,1000005.7650
1.5736,0.5000,0.0100,1000005.7680
1.4314,0.5000,0.7171,1000005.7714
1.4314,0.3750,0.7879,1000005.7727
1.5736,0.1250,0.0100,1000005.7783
1.4314,0.5000,0.5757,1000005.7799
1.4314,0.5000,0.2929,1000005.7800
1.4314,0.5000,0.9293,1000005.7813
1.4314,0.3750,1.0000,1000005.7822
1.4314,0.3750,0.7171,1000005.7854
1.5736,0.3750,0.0100,1000005.7867
1.4314,0.2500,0.6464,1000005.7894
1.4314,0.5000,0.7879,1000005.7899
1.4314,0.3750,0.5757,1000005.7907
1.4314,0.3750,0.8586,1000005.7912
1.4314,0.5000,0.5050,1000005.7915
1.4314,0.2500,0.9293,1000005.7922
1.4314,0.2500,0.5050,1000005.7944
1.4314,0.3750,0.4343,1000005.7951
1.5736,0.0000,0.0100,1000005.7965
1.4314,0.5000,0.6464,1000005.7981
1.4314,0.5000,1.0000,1000005.7993
1.4314,0.5000,0.3636,1000005.8000
1.4314,0.2500,0.3636,1000005.8006
1.4314,0.0000,1.0000,1000005.8019
1.4314,0.3750,0.2929,1000005.8029
1.4314,0.1250,0.2929,1000005.8031
1.4314,0.1250,0.9293,1000005.8033
1.4314,0.2500,0.8586,1000005.8045
1.5736,0.2500,0.0100,1000005.8053
1.4314,0.2500,0.1514,1000005.8055
1.4314,0.2500,0.2221,1000005.8055
1.4314,0.5000,0.1514,1000005.8056
1.4314,0.5000,0.2221,1000005.8056
1.4314,0.0000,0.8586,1000005.8075
1.4314,0.1250,0.7879,1000005.8086
1.4314,0.2500,0.7171,1000005.8096
1.4314,0.3750,0.6464,1000005.8105
1.4314,0.0000,0.7171,1000005.8124
1.4314,0.1250,0.6464,1000005.8134
1.4314,0.2500,0.5757,1000005.8148
1.4314,0.3750,0.5050,1000005.8156
1.4314,0.5000,0.4343,1000005.8163
1.4314,0.0000,0.5757,1000005.8174
1.4314,0.1250,0.5050,1000005.8183
1.4314,0.2500,0.4343,1000005.8191
1.4314,0.3750,0.0807,1000005.8202
1.4314,0.0000,0.4343,1000005.8214
1.4314,0.1250,1.0000,1000005.8229
1.4314,0.3750,0.3636,1000005.8230
1.4314,0.1250,0.3636,1000005.8234
1.4314,0.0000,0.2929,1000005.8256
1.4314,0.2500,0.2929,1000005.8257
1.4314,0.0000,0.9293,1000005.8275
1.4314,0.1250,0.1514,1000005.8277
1.4314,0.1250,0.2221,1000005.8277
1.4314,0.3750,0.1514,1000005.8283
1.4314,0.3750,0.2221,1000005.8283
1.4314,0.1250,0.8586,1000005.8287
1.4314,0.2500,0.7879,1000005.8297
1.4314,0.0000,0.7879,1000005.8326
1.4314,0.1250,0.7171,1000005.8337
1.4314,0.0000,0.6464,1000005.8374
1.4314,0.2500,0.0807,1000005.8379
1.4314,0.1250,0.5757,1000005.8388
1.4314,0.0000,0.5050,1000005.8421
1.4314,0.1250,0.4343,1000005.8430
1.4314,0.0000,0.3636,1000005.8460
1.4314,0.5000,0.0807,1000005.8475
1.4314,0.0000,0.1514,1000005.8499
1.4314,0.0000,0.2221,1000005.8499
1.4314,0.5000,0.0100,1000005.8532
1.4314,0.1250,0.0807,1000005.8556
1.4314,0.3750,0.0100,1000005.8691
1.4314,0.0000,0.0807,1000005.8731
1.4314,0.2500,0.0100,1000005.8847
1.4314,0.1250,0.0100,1000005.9001
1.2893,0.5000,0.2929,1000005.9104
1.2893,0.5000,0.9293,1000005.9113
1.2893,0.3750,0.8586,1000005.9135
1.4314,0.0000,0.0100,1000005.9154
1.2893,0.5000,0.7879,1000005.9157
1.2893,0.3750,0.7171,1000005.9174
1.2893,0.5000,0.6464,1000005.9195
1.2893,0.3750,0.5757,1000005.9215
1.2893,0.3750,0.0807,1000005.9223
1.2893,0.5000,0.5050,1000005.9235
1.2893,0.3750,0.4343,1000005.9246
1.2893,0.2500,0.3636,1000005.9277
1.2893,0.5000,0.3636,1000005.9310
1.2893,0.2500,0.1514,1000005.9311
1.2893,0.2500,0.2221,1000005.9311
1.2893,0.2500,1.0000,1000005.9312
1.2893,0.5000,1.0000,1000005.9313
1.2893,0.3750,0.2929,1000005.9313
1.2893,0.1250,0.9293,1000005.9334
1.2893,0.3750,0.9293,1000005.9338
1.2893,0.5000,0.1514,1000005.9352
1.2893,0.5000,0.2221,1000005.9352
1.2893,0.2500,0.8586,1000005.9359
1.2893,0.5000,0.8586,1000005.9363
1.2893,0.2500,0.0807,1000005.9370
1.2893,0.1250,0.7879,1000005.9374
1.2893,0.3750,0.7879,1000005.9381
1.2893,0.0000,0.7171,1000005.9388
1.2893,0.2500,0.7171,1000005.9397
1.2893,0.5000,0.7171,1000005.9403
1.2893,0.1250,0.6464,1000005.9410
1.2893,0.3750,0.6464,1000005.9419
1.2893,0.0000,0.5757,1000005.9424
1.2893,0.2500,0.5757,1000005.9436
1.2893,0.5000,0.5757,1000005.9445
1.2893,0.1250,0.5050,1000005.9446
1.2893,0.0000,0.4343,1000005.9452
1.2893,0.3750,0.5050,1000005.9457
1.2893,0.2500,0.4343,1000005.9467
1.2893,0.5000,0.4343,1000005.9477
1.2893,0.0000,0.2929,1000005.9481
1.2893,0.1250,0.3636,1000005.9485
1.2893,0.1250,0.1514,1000005.9514
1.2893,0.1250,0.2221,1000005.9514
1.2893,0.1250,0.0807,1000005.9517
1.2893,0.3750,0.3636,1000005.9521
1.2893,0.2500,0.2929,1000005.9522
1.2893,0.5000,0.0807,1000005.9527
1.2893,0.1250,1.0000,1000005.9536
1.2893,0.3750,1.0000,1000005.9540
1.2893,0.0000,0.9293,1000005.9557
1.2893,0.3750,0.1514,1000005.9558
1.2893,0.3750,0.2221,1000005.9558
1.2893,0.2500,0.9293,1000005.9563
1.2893,0.1250,0.8586,1000005.9582
1.2893,0.0000,0.7879,1000005.9596
1.2893,0.2500,0.7879,1000005.9605
1.2893,0.1250,0.7171,1000005.9619
1.2893,0.0000,0.6464,1000005.9631
1.2893,0.2500,0.6464,1000005.9642
1.2893,0.1250,0.5757,1000005.9657
1.2893,0.0000,0.0807,1000005.9660
1.2893,0.0000,0.5050,1000005.9664
1.2893,0.2500,0.5050,1000005.9679
1.2893,0.1250,0.4343,1000005.9686
1.2893,0.0000,0.3636,1000005.9691
1.2893,0.0000,0.1514,1000005.9717
1.2893,0.0000,0.2221,1000005.9717
1.2893,0.1250,0.2929,1000005.9728
1.2893,0.0000,1.0000,1000005.9760
1.2893,0.0000,0.8586,1000005.9804
1.2893,0.5000,0.0100,1000006.0037
1.2893,0.3750,0.0100,1000006.0107
1.2893,0.2500,0.0100,1000006.0170
1.2893,0.1250,0.0100,1000006.0228
1.1471,0.5000,0.6464,1000006.0277
1.2893,0.0000,0.0100,1000006.0283
1.1471,0.5000,0.5050,1000006.0308
1.1471,0.2500,0.2221,1000006.0345
1.1471,0.3750,0.2929,1000006.0360
1.1471,0.5000,0.3636,1000006.0378
1.1471,0.5000,0.1514,1000006.0405
1.1471,0.5000,1.0000,1000006.0416
1.1471,0.2500,0.8586,1000006.0418
1.1471,0.3750,0.9293,1000006.0420
1.1471,0.5000,0.2221,1000006.0421
1.1471,0.2500,0.7171,1000006.0448
1.1471,0.3750,0.7879,1000006.0454
1.1471,0.5000,0.8586,1000006.0457
1.1471,0.1250,0.5050,1000006.0467
1.1471,0.2500,0.5757,1000006.0479
1.1471,0.3750,0.6464,1000006.0483
1.1471,0.5000,0.7171,1000006.0488
1.1471,0.1250,0.3636,1000006.0499
1.1471,0.2500,0.4343,1000006.0502
1.1471,0.3750,0.5050,1000006.0513
1.1471,0.5000,0.5757,1000006.0522
1.1471,0.5000,0.4343,1000006.0546
1.1471,0.2500,0.2929,1000006.0550
1.1471,0.3750,0.3636,1000006.0571
1.1471,0.3750,0.1514,1000006.0586
1.1471,0.0000,0.9293,1000006.0586
1.1471,0.1250,1.0000,1000006.0587
1.1471,0.3750,0.2221,1000006.0610
1.1471,0.0000,0.7879,1000006.0616
1.1471,0.5000,0.2929,1000006.0621
1.1471,0.1250,0.8586,1000006.0623
1.1471,0.3750,1.0000,1000006.0625
1.1471,0.2500,0.9293,1000006.0627
1.1471,0.0000,0.6464,1000006.0643
1.1471,0.1250,0.7171,1000006.0653
1.1471,0.2500,0.7879,1000006.0660
1.1471,0.5000,0.9293,1000006.0664
1.1471,0.3750,0.8586,1000006.0664
1.1471,0.0000,0.5050,1000006.0668
1.1471,0.1250,0.5757,1000006.0682
1.1471,0.0000,0.3636,1000006.0687
1.1471,0.2500,0.6464,1000006.0688
1.1471,0.3750,0.7171,1000006.0695
1.1471,0.5000,0.7879,1000006.0700
1.1471,0.1250,0.4343,1000006.0704
1.1471,0.2500,0.5050,1000006.0717
1.1471,0.3750,0.5757,1000006.0728
1.1471,0.5000,0.0807,1000006.0737
1.1471,0.1250,0.2929,1000006.0738
1.1471,0.3750,0.4343,1000006.0751
1.1471,0.2500,0.3636,1000006.0762
1.1471,0.2500,0.1514,1000006.0766
1.1471,0.0000,1.0000,1000006.0792
1.1471,0.3750,0.0807,1000006.0806
1.1471,0.0000,0.8586,1000006.0828
1.1471,0.1250,0.1514,1000006.0829
1.1471,0.1250,0.9293,1000006.0833
1.1471,0.2500,1.0000,1000006.0833
1.1471,0.0000,0.7171,1000006.0856
1.1471,0.1250,0.7879,1000006.0865
1.1471,0.1250,0.2221,1000006.0872
1.1471,0.0000,0.5757,1000006.0884
1.1471,0.1250,0.6464,1000006.0893
1.1471,0.0000,0.4343,1000006.0905
1.1471,0.0000,0.2929,1000006.0926
1.1471,0.0000,0.1514,1000006.0965
1.1471,0.0000,0.2221,1000006.1016
1.1471,0.2500,0.0807,1000006.1324
1.1471,0.1250,0.0807,1000006.1386
1.1471,0.0000,0.0807,1000006.1444
1.1471,0.5000,0.0100,1000006.1554
1.1471,0.3750,0.0100,1000006.1585
1.1471,0.2500,0.0100,1000006.1612
1.1471,0.1250,0.0100,1000006.1637
1.1471,0.0000,0.0100,1000006.1657
1.0050,0.5000,0.4343,1000006.2226
1.0050,0.5000,0.5757,1000006.2238
1.0050,0.5000,1.0000,1000006.2238
1.0050,0.5000,0.7171,1000006.2241
1.0050,0.5000,0.8586,1000006.2244
1.0050,0.5000,0.2929,1000006.2271
1.0050,0.5000,0.1514,1000006.2298
1.0050,0.3750,0.4343,1000006.2362
1.0050,0.3750,0.5757,1000006.2377
1.0050,0.3750,0.7171,1000006.2381
1.0050,0.3750,1.0000,1000006.2382
1.0050,0.3750,0.8586,1000006.2386
1.0050,0.3750,0.2929,1000006.2391
1.0050,0.3750,0.1514,1000006.2403
1.0050,0.5000,0.2221,1000006.2457
1.0050,0.5000,0.5050,1000006.2459
1.0050,0.5000,0.6464,1000006.2464
1.0050,0.5000,0.9293,1000006.2469
1.0050,0.5000,0.7879,1000006.2469
1.0050,0.2500,0.4343,1000006.2496
1.0050,0.5000,0.3636,1000006.2501
1.0050,0.2500,0.1514,1000006.2506
1.0050,0.2500,0.2929,1000006.2509
1.0050,0.2500,0.5757,1000006.2512
1.0050,0.2500,0.7171,1000006.2518
1.0050,0.2500,1.0000,1000006.2523
1.0050,0.2500,0.8586,1000006.2525
1.0050,0.3750,0.2221,1000006.2572
1.0050,0.3750,0.5050,1000006.2596
1.0050,0.3750,0.6464,1000006.2603
1.0050,0.3750,0.7879,1000006.2610
1.0050,0.3750,0.9293,1000006.2612
1.0050,0.1250,0.1514,1000006.2619
1.0050,0.3750,0.3636,1000006.2622
1.0050,0.1250,0.2929,1000006.2624
1.0050,0.1250,0.4343,1000006.2627
1.0050,0.5000,0.0807,1000006.2641
1.0050,0.1250,0.5757,1000006.2644
1.0050,0.1250,0.7171,1000006.2653
1.0050,0.1250,0.8586,1000006.2661
1.0050,0.1250,1.0000,1000006.2661
1.0050,0.3750,0.0807,1000006.2671
1.0050,0.2500,0.2221,1000006.2684
1.0050,0.2500,0.0807,1000006.2697
1.0050,0.1250,0.0807,1000006.2720
1.0050,0.2500,0.5050,1000006.2730
1.0050,0.0000,0.2929,1000006.2736
1.0050,0.2500,0.6464,1000006.2740
1.0050,0.2500,0.3636,1000006.2741
1.0050,0.2500,0.7879,1000006.2748
1.0050,0.2500,0.9293,1000006.2752
1.0050,0.0000,0.4343,1000006.2756
1.0050,0.0000,0.5757,1000006.2775
1.0050,0.0000,0.7171,1000006.2785
1.0050,0.1250,0.2221,1000006.2792
1.0050,0.0000,0.8586,1000006.2795
1.0050,0.0000,1.0000,1000006.2797
1.0050,0.1250,0.3636,1000006.2858
1.0050,0.1250,0.5050,1000006.2862
1.0050,0.1250,0.6464,1000006.2874
1.0050,0.1250,0.7879,1000006.2884
1.0050,0.1250,0.9293,1000006.2890
1.0050,0.0000,0.2221,1000006.2897
1.0050,0.0000,0.3636,1000006.2971
1.0050,0.0000,0.5050,1000006.2992
1.0050,0.0000,0.6464,1000006.3005
1.0050,0.0000,0.7879,1000006.3017
1.0050,0.0000,0.9293,1000006.3025
1.0050,0.5000,0.0100,1000006.3084
1.0050,0.0000,0.0807,1000006.3084
1.0050,0.0000,0.1514,1000006.3153
1.0050,0.3750,0.0100,1000006.3449
1.0050,0.1250,0.0100,1000006.3695
1.0050,0.2500,0.0100,1000006.3803
1.0050,0.0000,0.0100,1000006.4031
0.8629,0.5000,0.5050,1000006.4051
0.8629,0.5000,0.6464,1000006.4070
0.8629,0.5000,0.3636,1000006.4084
0.8629,0.5000,0.7879,1000006.4088
0.8629,0.5000,0.9293,1000006.4102
0.8629,0.3750,0.7879,1000006.4194
0.8629,0.3750,0.9293,1000006.4210
0.8629,0.5000,0.2929,1000006.4232
0.8629,0.5000,0.4343,1000006.4264
0.8629,0.5000,0.5757,1000006.4290
0.8629,0.5000,0.7171,1000006.4306
0.8629,0.3750,0.5757,1000006.4319
0.8629,0.5000,0.8586,1000006.4323
0.8629,0.5000,1.0000,1000006.4331
0.8629,0.5000,0.2221,1000006.4380
0.8629,0.3750,0.7171,1000006.4411
0.8629,0.3750,0.2221,1000006.4421
0.8629,0.3750,0.8586,1000006.4429
0.8629,0.3750,1.0000,1000006.4439
0.8629,0.2500,1.0000,1000006.4482
0.8629,0.3750,0.5050,1000006.4524
0.8629,0.3750,0.3636,1000006.4527
0.8629,0.3750,0.6464,1000006.4560
0.8629,0.2500,0.3636,1000006.4574
0.8629,0.5000,0.1514,1000006.4578
0.8629,0.2500,0.5050,1000006.4589
0.8629,0.3750,0.1514,1000006.4591
0.8629,0.5000,0.0807,1000006.4617
0.8629,0.2500,0.6464,1000006.4627
0.8629,0.2500,0.7879,1000006.4664
0.8629,0.2500,0.9293,1000006.4697
0.8629,0.3750,0.4343,1000006.4728
0.8629,0.1250,0.7879,1000006.4730
0.8629,0.3750,0.2929,1000006.4734
0.8629,0.1250,0.9293,1000006.4765
0.8629,0.2500,0.2929,1000006.4779
0.8629,0.2500,0.4343,1000006.4792
0.8629,0.1250,0.2929,1000006.4820
0.8629,0.2500,0.5757,1000006.4837
0.8629,0.1250,0.4343,1000006.4851
0.8629,0.2500,0.7171,1000006.4873
0.8629,0.1250,0.5757,1000006.4899
0.8629,0.2500,0.8586,1000006.4908
0.8629,0.2500,0.2221,1000006.4909
0.8629,0.1250,0.7171,1000006.4937
0.8629,0.1250,0.2221,1000006.4940
0.8629,0.3750,0.0807,1000006.4973
0.8629,0.1250,0.8586,1000006.4974
0.8629,0.0000,0.7171,1000006.4998
0.8629,0.1250,1.0000,1000006.5003
0.8629,0.0000,0.8586,1000006.5037
0.8629,0.2500,0.1514,1000006.5052
0.8629,0.1250,0.1514,1000006.5054
0.8629,0.0000,1.0000,1000006.5068
0.8629,0.1250,0.3636,1000006.5069
0.8629,0.1250,0.5050,1000006.5102
0.8629,0.0000,0.3636,1000006.5107
0.8629,0.1250,0.6464,1000006.5143
0.8629,0.5000,0.0100,1000006.5150
0.8629,0.0000,0.5050,1000006.5159
0.8629,0.0000,0.6464,1000006.5203
0.8629,0.1250,0.0807,1000006.5232
0.8629,0.0000,0.7879,1000006.5244
0.8629,0.0000,0.9293,1000006.5281
0.8629,0.0000,0.2929,1000006.5309
0.8629,0.2500,0.0807,1000006.5325
0.8629,0.0000,0.4343,1000006.5360
0.8629,0.0000,0.5757,1000006.5410
0.8629,0.0000,0.2221,1000006.5419
0.8629,0.0000,0.1514,1000006.5504
0.8629,0.0000,0.0807,1000006.5555
0.8629,0.3750,0.0100,1000006.5756
0.8629,0.2500,0.0100,1000006.5956
0.8629,0.1250,0.0100,1000006.6798
0.7207,0.5000,0.4343,1000006.6991
0.8629,0.0000,0.0100,1000006.7004
0.7207,0.5000,0.5757,1000006.7055
0.7207,0.5000,0.2929,1000006.7073
0.7207,0.3750,0.1514,1000006.7107
0.7207,0.5000,0.7171,1000006.7109
0.7207,0.5000,0.2221,1000006.7130
0.7207,0.5000,0.8586,1000006.7163
0.7207,0.5000,0.1514,1000006.7164
0.7207,0.5000,1.0000,1000006.7208
0.7207,0.3750,1.0000,1000006.7221
0.7207,0.3750,0.3636,1000006.7241
0.7207,0.5000,0.5050,1000006.7250
0.7207,0.3750,0.5050,1000006.7255
0.7207,0.5000,0.3636,1000006.7255
0.7207,0.5000,0.6464,1000006.7307
0.7207,0.3750,0.6464,1000006.7314
0.7207,0.5000,0.7879,1000006.7363
0.7207,0.3750,0.7879,1000006.7373
0.7207,0.5000,0.9293,1000006.7414
0.7207,0.3750,0.9293,1000006.7426
0.7207,0.2500,0.9293,1000006.7434
0.7207,0.2500,0.4343,1000006.7447
0.7207,0.3750,0.4343,1000006.7448
0.7207,0.2500,0.2929,1000006.7453
0.7207,0.3750,0.2929,1000006.7492
0.7207,0.3750,0.5757,1000006.7514
0.7207,0.2500,0.5757,1000006.7515
0.7207,0.2500,0.2221,1000006.7525
0.7207,0.3750,0.2221,1000006.7557
0.7207,0.3750,0.7171,1000006.7570
0.7207,0.2500,0.7171,1000006.7574
0.7207,0.3750,0.8586,1000006.7627
0.7207,0.2500,0.8586,1000006.7632
0.7207,0.1250,0.8586,1000006.7633
0.7207,0.1250,0.3636,1000006.7649
0.7207,0.2500,0.3636,1000006.7674
0.7207,0.2500,1.0000,1000006.7682
0.7207,0.1250,1.0000,1000006.7686
0.7207,0.5000,0.0807,1000006.7699
0.7207,0.1250,0.5050,1000006.7703
0.7207,0.2500,0.5050,1000006.7708
0.7207,0.1250,0.6464,1000006.7767
0.7207,0.2500,0.6464,1000006.7770
0.7207,0.1250,0.1514,1000006.7818
0.7207,0.1250,0.2929,1000006.7829
0.7207,0.1250,0.7879,1000006.7829
0.7207,0.2500,0.7879,1000006.7830
0.7207,0.0000,0.9293,1000006.7884
0.7207,0.1250,0.9293,1000006.7888
0.7207,0.1250,0.2221,1000006.7888
0.7207,0.1250,0.4343,1000006.7893
0.7207,0.3750,0.0807,1000006.7907
0.7207,0.2500,0.1514,1000006.7914
0.7207,0.1250,0.5757,1000006.7963
0.7207,0.0000,0.7171,1000006.7987
0.7207,0.1250,0.7171,1000006.8025
0.7207,0.0000,0.8586,1000006.8081
0.7207,0.0000,0.5050,1000006.8103
0.7207,0.2500,0.0807,1000006.8103
0.7207,0.0000,1.0000,1000006.8136
0.7207,0.0000,0.1514,1000006.8165
0.7207,0.0000,0.6464,1000006.8177
0.7207,0.0000,0.2929,1000006.8207
0.7207,0.0000,0.2221,1000006.8270
0.7207,0.0000,0.7879,1000006.8277
0.7207,0.1250,0.0807,1000006.8288
0.7207,0.0000,0.4343,1000006.8288
0.7207,0.0000,0.5757,1000006.8369
0.7207,0.0000,0.3636,1000006.8474
0.7207,0.5000,0.0100,1000006.8640
0.7207,0.0000,0.0807,1000006.8914
0.7207,0.3750,0.0100,1000006.9144
0.7207,0.2500,0.0100,1000006.9629
0.7207,0.1250,0.0100,1000007.0093
0.7207,0.0000,0.0100,1000007.0528
0.5786,0.5000,0.8586,1000007.0701
0.5786,0.5000,0.5050,1000007.0701
0.5786,0.5000,1.0000,1000007.0780
0.5786,0.5000,0.1514,1000007.0787
0.5786,0.5000,0.6464,1000007.0793
0.5786,0.5000,0.4343,1000007.0877
0.5786,0.5000,0.7879,1000007.0883
0.5786,0.5000,0.2221,1000007.0949
0.5786,0.5000,0.9293,1000007.0969
0.5786,0.5000,0.5757,1000007.0976
0.5786,0.3750,0.5050,1000007.1041
0.5786,0.5000,0.2929,1000007.1045
0.5786,0.3750,0.1514,1000007.1048
0.5786,0.3750,0.8586,1000007.1049
0.5786,0.5000,0.7171,1000007.1065
0.5786,0.3750,1.0000,1000007.1131
0.5786,0.5000,0.3636,1000007.1135
0.5786,0.3750,0.6464,1000007.1136
0.5786,0.3750,0.4343,1000007.1215
0.5786,0.3750,0.7879,1000007.1230
0.5786,0.3750,0.2221,1000007.1248
0.5786,0.3750,0.2929,1000007.1314
0.5786,0.3750,0.5757,1000007.1317
0.5786,0.3750,0.9293,1000007.1319
0.5786,0.2500,0.5050,1000007.1371
0.5786,0.2500,0.8586,1000007.1387
0.5786,0.3750,0.7171,1000007.1410
0.5786,0.5000,0.0807,1000007.1426
0.5786,0.3750,0.3636,1000007.1452
0.5786,0.2500,0.6464,1000007.1470
0.5786,0.2500,1.0000,1000007.1473
0.5786,0.2500,0.2221,1000007.1522
0.5786,0.2500,0.4343,1000007.1544
0.5786,0.2500,0.7879,1000007.1567
0.5786,0.2500,0.2929,1000007.1574
0.5786,0.2500,0.5757,1000007.1649
0.5786,0.2500,0.9293,1000007.1659
0.5786,0.1250,0.8586,1000007.1717
0.5786,0.2500,0.1514,1000007.1730
0.5786,0.2500,0.7171,1000007.1745
0.5786,0.2500,0.3636,1000007.1759
0.5786,0.1250,1.0000,1000007.1806
0.5786,0.1250,0.4343,1000007.1848
0.5786,0.1250,0.7879,1000007.1894
0.5786,0.3750,0.0807,1000007.1912
0.5786,0.1250,0.1514,1000007.1955
0.5786,0.1250,0.5757,1000007.1960
0.5786,0.1250,0.9293,1000007.1990
0.5786,0.1250,0.3636,1000007.2039
0.5786,0.1250,0.7171,1000007.2062
0.5786,0.1250,0.5050,1000007.2131
0.5786,0.1250,0.6464,1000007.2237
0.5786,0.1250,0.2221,1000007.2241
0.5786,0.1250,0.2929,1000007.2257
0.5786,0.0000,0.5757,1000007.2262
0.5786,0.0000,0.9293,1000007.2296
0.5786,0.0000,0.3636,1000007.2314
0.5786,0.0000,0.7171,1000007.2369
0.5786,0.2500,0.0807,1000007.2379
0.5786,0.0000,0.5050,1000007.2431
0.5786,0.0000,0.8586,1000007.2472
0.5786,0.0000,0.2929,1000007.2482
0.5786,0.0000,0.2221,1000007.2493
0.5786,0.0000,0.6464,1000007.2542
0.5786,0.0000,1.0000,1000007.2568
0.5786,0.0000,0.4343,1000007.2600
0.5786,0.0000,0.1514,1000007.2617
0.5786,0.0000,0.7879,1000007.2648
0.5786,0.0000,0.0807,1000007.2806
0.5786,0.1250,0.0807,1000007.2828
0.5786,0.5000,0.0100,1000007.2975
0.5786,0.3750,0.0100,1000007.3192
0.5786,0.2500,0.0100,1000007.3826
0.5786,0.1250,0.0100,1000007.4418
0.5786,0.0000,0.0100,1000007.5411
0.4364,0.5000,0.9293,1000007.5677
0.4364,0.5000,0.7171,1000007.5716
0.4364,0.5000,0.5050,1000007.5746
0.4364,0.5000,0.8586,1000007.5842
0.4364,0.5000,0.6464,1000007.5877
0.4364,0.5000,0.4343,1000007.5902
0.4364,0.5000,0.2221,1000007.5911
0.4364,0.5000,1.0000,1000007.5958
0.4364,0.5000,0.1514,1000007.5970
0.4364,0.5000,0.7879,1000007.6005
0.4364,0.5000,0.5757,1000007.6041
0.4364,0.5000,0.2929,1000007.6075
0.4364,0.5000,0.3636,1000007.6156
0.4364,0.5000,0.0807,1000007.6251
0.4364,0.3750,0.3636,1000007.6303
0.4364,0.3750,0.9293,1000007.6317
0.4364,0.3750,0.7171,1000007.6349
0.4364,0.3750,0.5050,1000007.6372
0.4364,0.3750,0.8586,1000007.6479
0.4364,0.3750,0.2221,1000007.6484
0.4364,0.3750,0.1514,1000007.6494
0.4364,0.3750,0.6464,1000007.6508
0.4364,0.3750,0.4343,1000007.6527
0.4364,0.3750,1.0000,1000007.6601
0.4364,0.3750,0.2929,1000007.6620
0.4364,0.3750,0.7879,1000007.6641
0.4364,0.3750,0.5757,1000007.6669
0.4364,0.2500,1.0000,1000007.6775
0.4364,0.2500,0.7879,1000007.6808
0.4364,0.2500,0.5757,1000007.6829
0.4364,0.3750,0.0807,1000007.6871
0.4364,0.2500,0.3636,1000007.6883
0.4364,0.2500,0.9293,1000007.6940
0.4364,0.2500,0.7171,1000007.6966
0.4364,0.2500,0.5050,1000007.6982
0.4364,0.2500,0.1514,1000007.6997
0.4364,0.2500,0.2221,1000007.7038
0.4364,0.2500,0.8586,1000007.7101
0.4364,0.2500,0.6464,1000007.7123
0.4364,0.2500,0.4343,1000007.7134
0.4364,0.2500,0.2929,1000007.7146
0.4364,0.1250,1.0000,1000007.7384
0.4364,0.1250,0.7879,1000007.7409
0.4364,0.1250,0.5757,1000007.7423
0.4364,0.1250,0.3636,1000007.7446
0.4364,0.2500,0.0807,1000007.7458
0.4364,0.1250,0.1514,1000007.7479
0.4364,0.1250,0.9293,1000007.7546
0.4364,0.1250,0.7171,1000007.7565
0.4364,0.1250,0.2221,1000007.7573
0.4364,0.1250,0.5050,1000007.7574
0.4364,0.1250,0.2929,1000007.7651
0.4364,0.1250,0.8586,1000007.7705
0.4364,0.1250,0.6464,1000007.7720
0.4364,0.1250,0.4343,1000007.7724
0.4364,0.0000,1.0000,1000007.7975
0.4364,0.0000,0.3636,1000007.7989
0.4364,0.0000,0.7879,1000007.7993
0.4364,0.0000,0.5757,1000007.7999
0.4364,0.0000,0.2221,1000007.8086
0.4364,0.0000,0.9293,1000007.8135
0.4364,0.0000,0.2929,1000007.8136
0.4364,0.0000,0.7171,1000007.8146
0.4364,0.0000,0.5050,1000007.8147
0.4364,0.5000,0.0100,1000007.8260
0.4364,0.0000,0.8586,1000007.8290
0.4364,0.0000,0.4343,1000007.8295
0.4364,0.0000,0.6464,1000007.8299
0.4364,0.0000,0.1514,1000007.8389
0.4364,0.1250,0.0807,1000007.8461
0.4364,0.0000,0.0807,1000007.8973
0.4364,0.3750,0.0100,1000007.9077
0.4364,0.2500,0.0100,1000007.9929
0.4364,0.1250,0.0100,1000008.1038
0.4364,0.0000,0.0100,1000008.2061
0.2943,0.5000,0.8586,1000008.2416
0.2943,0.5000,0.5757,1000008.2528
0.2943,0.5000,0.2929,1000008.2535
0.2943,0.5000,0.7879,1000008.2558
0.2943,0.5000,1.0000,1000008.2575
0.2943,0.5000,0.3636,1000008.2599
0.2943,0.5000,0.5050,1000008.2664
0.2943,0.5000,0.7171,1000008.2699
0.2943,0.5000,0.1514,1000008.2707
0.2943,0.5000,0.9293,1000008.2725
0.2943,0.5000,0.2221,1000008.2748
0.2943,0.5000,0.4343,1000008.2800
0.2943,0.5000,0.6464,1000008.2839
0.2943,0.5000,0.0807,1000008.2989
0.2943,0.3750,0.6464,1000008.3221
0.2943,0.3750,0.8586,1000008.3258
0.2943,0.3750,0.2929,1000008.3267
0.2943,0.3750,0.5757,1000008.3359
0.2943,0.3750,0.1514,1000008.3387
0.2943,0.3750,0.3636,1000008.3394
0.2943,0.3750,0.7879,1000008.3397
0.2943,0.3750,1.0000,1000008.3423
0.2943,0.3750,0.5050,1000008.3493
0.2943,0.3750,0.2221,1000008.3510
0.2943,0.3750,0.7171,1000008.3536
0.2943,0.3750,0.9293,1000008.3569
0.2943,0.3750,0.4343,1000008.3625
0.2943,0.2500,0.2929,1000008.3966
0.2943,0.2500,0.6464,1000008.4025
0.2943,0.2500,0.8586,1000008.4071
0.2943,0.3750,0.0807,1000008.4075
0.2943,0.2500,0.1514,1000008.4108
0.2943,0.2500,0.3636,1000008.4157
0.2943,0.2500,0.5757,1000008.4160
0.2943,0.2500,0.7879,1000008.4207
0.2943,0.2500,0.2221,1000008.4238
0.2943,0.2500,1.0000,1000008.4242
0.2943,0.2500,0.5050,1000008.4291
0.2943,0.2500,0.7171,1000008.4343
0.2943,0.2500,0.9293,1000008.4385
0.2943,0.2500,0.4343,1000008.4420
0.2943,0.1250,0.8586,1000008.4852
0.2943,0.1250,0.3636,1000008.4888
0.2943,0.1250,0.5757,1000008.4929
0.2943,0.1250,0.2221,1000008.4930
0.2943,0.1250,0.7879,1000008.4986
0.2943,0.1250,1.0000,1000008.5030
0.2943,0.1250,0.5050,1000008.5057
0.2943,0.1250,0.2929,1000008.5080
0.2943,0.2500,0.0807,1000008.5098
0.2943,0.1250,0.7171,1000008.5119
0.2943,0.1250,0.1514,1000008.5125
0.2943,0.1250,0.9293,1000008.5170
0.2943,0.1250,0.4343,1000008.5183
0.2943,0.1250,0.6464,1000008.5250
0.2943,0.0000,0.7879,1000008.5730
0.2943,0.0000,1.0000,1000008.5784
0.2943,0.0000,0.5050,1000008.5788
0.2943,0.5000,0.0100,1000008.5793
0.2943,0.0000,0.7171,1000008.5860
0.2943,0.0000,0.4343,1000008.5911
0.2943,0.0000,0.9293,1000008.5920
0.2943,0.0000,0.6464,1000008.5988
0.2943,0.0000,0.3636,1000008.6033
0.2943,0.0000,0.2221,1000008.6036
0.2943,0.0000,0.8586,1000008.6052
0.2943,0.1250,0.0807,1000008.6055
0.2943,0.0000,0.1514,1000008.6099
0.2943,0.0000,0.5757,1000008.6116
0.2943,0.0000,0.2929,1000008.6155
0.2943,0.0000,0.0807,1000008.6940
0.2943,0.3750,0.0100,1000008.7212
0.2943,0.2500,0.0100,1000008.8491
0.2943,0.1250,0.0100,1000009.0065
0.1521,0.5000,0.3636,1000009.1758
0.1521,0.5000,0.1514,1000009.1764
0.1521,0.5000,1.0000,1000009.1769
0.1521,0.5000,0.7171,1000009.1794
0.1521,0.5000,0.2221,1000009.1871
0.1521,0.5000,0.9293,1000009.1893
0.2943,0.0000,0.0100,1000009.1907
0.1521,0.5000,0.6464,1000009.1909
0.1521,0.5000,0.4343,1000009.1940
0.1521,0.5000,0.8586,1000009.2012
0.1521,0.5000,0.2929,1000009.2016
0.1521,0.5000,0.5757,1000009.2025
0.1521,0.5000,0.7879,1000009.2129
0.1521,0.5000,0.5050,1000009.2137
0.1521,0.5000,0.0807,1000009.2268
0.1521,0.3750,0.3636,1000009.2979
0.1521,0.3750,0.5050,1000009.2983
0.1521,0.3750,0.7879,1000009.2990
0.1521,0.3750,0.2221,1000009.3043
0.1521,0.3750,1.0000,1000009.3092
0.1521,0.3750,0.7171,1000009.3103
0.1521,0.3750,0.2929,1000009.3198
0.1521,0.3750,0.4343,1000009.3201
0.1521,0.3750,0.9293,1000009.3213
0.1521,0.3750,0.6464,1000009.3214
0.1521,0.3750,0.1514,1000009.3270
0.1521,0.3750,0.5757,1000009.3327
0.1521,0.3750,0.8586,1000009.3328
0.1521,0.3750,0.0807,1000009.3601
0.1521,0.2500,0.7879,1000009.4243
0.1521,0.2500,0.2929,1000009.4313
0.1521,0.2500,0.7171,1000009.4352
0.1521,0.2500,1.0000,1000009.4357
0.1521,0.2500,0.4343,1000009.4399
0.1521,0.2500,0.6464,1000009.4460
0.1521,0.2500,0.9293,1000009.4473
0.1521,0.2500,0.5757,1000009.4568
0.1521,0.2500,0.8586,1000009.4585
0.1521,0.2500,0.3636,1000009.4586
0.1521,0.2500,0.2221,1000009.4597
0.1521,0.2500,0.5050,1000009.4672
0.1521,0.2500,0.1514,1000009.4697
0.1521,0.2500,0.0807,1000009.5539
0.1521,0.1250,0.6464,1000009.5638
0.1521,0.1250,0.9293,1000009.5667
0.1521,0.1250,0.3636,1000009.5669
0.1521,0.1250,0.5757,1000009.5741
0.1521,0.1250,0.8586,1000009.5774
0.1521,0.1250,0.2929,1000009.5805
0.1521,0.1250,0.5050,1000009.5841
0.1521,0.1250,0.7879,1000009.5880
0.1521,0.1250,0.4343,1000009.5979
0.1521,0.1250,0.7171,1000009.5986
0.1521,0.1250,1.0000,1000009.6007
0.1521,0.1250,0.1514,1000009.6038
0.1521,0.1250,0.2221,1000009.6074
0.1521,0.5000,0.0100,1000009.6080
0.1521,0.1250,0.0807,1000009.6877
0.1521,0.0000,1.0000,1000009.7132
0.1521,0.0000,0.6464,1000009.7193
0.1521,0.0000,0.2929,1000009.7215
0.1521,0.0000,0.9293,1000009.7239
0.1521,0.0000,0.5757,1000009.7291
0.1521,0.0000,0.8586,1000009.7342
0.1521,0.0000,0.5050,1000009.7387
0.1521,0.0000,0.7879,1000009.7444
0.1521,0.0000,0.2221,1000009.7464
0.1521,0.0000,0.4343,1000009.7481
0.1521,0.0000,0.7171,1000009.7545
0.1521,0.0000,0.3636,1000009.7575
0.1521,0.0000,0.1514,1000009.7735
0.1521,0.3750,0.0100,1000009.8203
0.1521,0.0000,0.0807,1000009.8954
0.1521,0.2500,0.0100,1000010.0484
0.1521,0.1250,0.0100,1000010.3422
0.0100,0.5000,0.1514,1000010.5715
0.0100,0.5000,0.2221,1000010.5721
0.0100,0.5000,0.4343,1000010.5793
0.0100,0.5000,0.6464,1000010.5803
0.0100,0.5000,1.0000,1000010.5807
0.0100,0.5000,0.0807,1000010.5809
0.0100,0.5000,0.5757,1000010.5891
0.0100,0.5000,0.2929,1000010.5895
0.0100,0.5000,0.9293,1000010.5903
0.0100,0.5000,0.5050,1000010.5973
0.0100,0.5000,0.8586,1000010.5993
0.0100,0.5000,0.7879,1000010.6081
0.0100,0.5000,0.3636,1000010.6087
0.0100,0.5000,0.7171,1000010.6169
0.1521,0.0000,0.0100,1000010.6241
0.0100,0.3750,0.2929,1000010.7975
0.0100,0.3750,0.6464,1000010.8038
0.0100,0.3750,0.1514,1000010.8042
0.0100,0.3750,1.0000,1000010.8068
0.0100,0.3750,0.5757,1000010.8120
0.0100,0.3750,0.9293,1000010.8158
0.0100,0.3750,0.5050,1000010.8198
0.0100,0.3750,0.3636,1000010.8213
0.0100,0.3750,0.2221,1000010.8229
0.0100,0.3750,0.8586,1000010.8243
0.0100,0.3750,0.7879,1000010.8326
0.0100,0.3750,0.7171,1000010.8409
0.0100,0.3750,0.4343,1000010.8422
0.0100,0.3750,0.0807,1000010.8663
0.0100,0.2500,0.7879,1000011.0414
0.0100,0.2500,0.4343,1000011.0438
0.0100,0.2500,0.7171,1000011.0491
0.0100,0.2500,0.2221,1000011.0565
0.0100,0.2500,0.6464,1000011.0567
0.0100,0.2500,1.0000,1000011.0623
0.0100,0.2500,0.3636,1000011.0625
0.0100,0.2500,0.1514,1000011.0633
0.0100,0.2500,0.5757,1000011.0643
0.0100,0.2500,0.9293,1000011.0707
0.0100,0.2500,0.5050,1000011.0716
0.0100,0.2500,0.8586,1000011.0786
0.0100,0.2500,0.2929,1000011.0790
0.0100,0.5000,0.0100,1000011.1361
0.0100,0.2500,0.0807,1000011.1543
0.0100,0.1250,0.8586,1000011.3150
0.0100,0.1250,0.2221,1000011.3151
0.0100,0.1250,0.4343,1000011.3171
0.0100,0.1250,0.7879,1000011.3223
0.0100,0.1250,0.7171,1000011.3295
0.0100,0.1250,0.3636,1000011.3296
0.0100,0.1250,0.6464,1000011.3366
0.0100,0.1250,0.2929,1000011.3409
0.0100,0.1250,0.5757,1000011.3436
0.0100,0.1250,1.0000,1000011.3450
0.0100,0.1250,0.1514,1000011.3453
0.0100,0.1250,0.5050,1000011.3503
0.0100,0.1250,0.9293,1000011.3528
0.0100,0.1250,0.0807,1000011.4959
0.0100,0.3750,0.0100,1000011.5344
0.0100,0.0000,0.7879,1000011.6271
0.0100,0.0000,0.7171,1000011.6336
0.0100,0.0000,0.6464,1000011.6401
0.0100,0.0000,0.5757,1000011.6464
0.0100,0.0000,1.0000,1000011.6516
0.0100,0.0000,0.5050,1000011.6524
0.0100,0.0000,0.4343,1000011.6584
0.0100,0.0000,0.9293,1000011.6587
0.0100,0.0000,0.3636,1000011.6642
0.0100,0.0000,0.8586,1000011.6655
0.0100,0.0000,0.2929,1000011.6699
0.0100,0.0000,0.2221,1000011.6850
0.0100,0.0000,0.1514,1000011.6911
0.0100,0.0000,0.0807,1000011.8666
0.0100,0.2500,0.0100,1000012.0194
0.0100,0.1250,0.0100,1000012.5525
0.0100,0.0000,0.0100,1000013.2166
